"Даже если ты уже давно не студент двери университета для тебя открыты - можно прогуляться по пару, понаблюдать эту студенческую суету, сходит в ботанический сад, покормить  беочек

";5
"Основание университету в Томске в составе 4 факультетов (историко-филологического, физико-математического, юридического и медицинского) было положено постановлением Государственного совета Российской империи от 16(28) мая 1878 года. Намерение правительства нашло широкую поддержку у крупных русских промышленников, первым жертвователем выступил П. Г. Демидов (первоначальный взнос в 100 000 рублей ко дню закладки университета с приростом банковских процентов достиг 182 000 рублей), крупнейшие взносы сделали А. М. Сибиряков — 200 000 рублей, З. М. Цибульский — 140 000 рублей (ещё 18 000 рублей на стипендии студентам).  Остальные вклады были значительно меньше — 30 000 рублей от Томской городской думы, 10 000 рублей от коммерции-советника А. К. Трапезникова (жившего в Москве), 3 000 рублей от барнаульского купца Д. Н. Сухова, 2 500 рублей от московского купца В. Н. Сабашникова, по 1 000 рублей от бийского купца А. В. Соколова, от Я. А. Немчинова, от мещанина Кулакова из Кяхты; при закладке университета городскими обществами Барнаульским, Бийским, Семипалатинским и Минусинским было пожертвовано по 1 000 рублей, остальные вклады составляли сотни рублей. В дальнейшем томские купцы активно жертвовали средства на Университет, так в 1898 году, желая отметить 25-летнюю службу своего московского доверенного П. В. Верхоланцева, Кухтерины учредили в Томском университете стипендию его имени и внесли в фонд стипендии 6 000 рублей.

Проект зданий Университета был выполнен петербургским академиком архитектуры А. К. Бруни и творчески воплощён томским архитектором П. П. Нарановичем.

Недостаточное финансирование вызвало задержку открытия университета и дало аргументы противникам университета. Так, К. П. Победоносцев докладывал императору Александру III: «Мысль об учреждении университета в Сибири (возникшую в период совершенного оскудения и падения наших университетов) я с самого начала называл несчастною и фальшивою; но сначала не хотели меня и слушать, а потом хотя и соглашались со мной, но возражали: „Что же делать? Правительство зашло уже слишком далеко; им обещано; приняты значительные пожертвования на сумму до 900 т.р.; построен большой дом; все готово; нельзя идти назад“. <…> Каких профессоров достанут в Сибири, когда и для здешних университетов не знают, где достать серьезных и надежных людей, особливо юристов? <…> Общество томское состоит из всякого сброда; можно только представить, как оно воздействует на университет и как университет на нём отразится». Однако исключительно благодаря твёрдой позиции министра народного просвещения Российской империи И. Д. Делянова было принято высочайшее решение в пользу безусловного открытия Университета в Томске.";5
"НАЦИОНАЛЬНЫЙ ИССЛЕДОВАТЕЛЬСКИЙ ТОМСКИЙ ГОСУДАРСТВЕННЫЙ УНИВЕРСИТЕТ вошел в число ведущих вузов страны, чьи программы повышения международной конкурентоспособности и потенциала получили высочайшую оценку Совета по повышению конкурентоспособности ведущих университетов Российской Федерации  среди ведущих мировых научно-образовательных центров.
Агентство Quacquarelli Symonds опубликовало рейтинг лучших университетов мира QS World University Rankings 2019 – один из самых авторитетных рейтингов в академическом сообществе. Томский государственный университет вошел в ТОП-300 сильнейших вузов мира, заняв 277-ю позицию. Среди российских вузов ТГУ занял четвертое место. Всего в рейтинг вошли 1011 вузов, из них Российскую Федерацию представляют 27 высших учебных заведений, 17 из них входят в Проект 5-100.
ТГУ улучшил cвой прошлогодний результат в QS World University Rankings  сразу на 46 пунктов. Эксперты отметили, что это это самая высокая динамика среди университетов за 5 лет.
В рейтинге оценивались шесть параметров: академическая репутация, репутация вуза среди работодателей, индекс цитируемости научных публикаций, соотношение числа преподавателей и студентов, доля иностранных студентов и преподавателей.
Сильнейшие позиции – 43-е место среди университетов мира – ТГУ демонстрирует по показателю соотношения между количеством академических кадров и количеством студентов. Составители рейтинга считают, что большее количество преподавателей на одного учащегося является косвенным показателем высококачественного обучения.
По сравнению с прошлым годом ТГУ существенно улучшил показатели по академической репутации (на 52 пункта) – этот показатель имеет наибольший вес и составляет 40% от общей оценки вуза. Рост произошел также по интернационализации (на 57 пунктов), по репутации среди работодателей (на 31 пункт). Добавим, что для выявления позиций разных вузов среди работодателей было проанализировано 43 тысячи ответов.
Томский государственный университет впервые вошел в рейтинг QS в 2014 году, тогда он занимал место в группе 501-600. За следующие пять лет ТГУ улучшил свои позиции в общей сложности на 274 пункта.";5
"Моя жизнь была долго связана с этим университетом. Могу сказать, что это обычный провинциальный вуз, может чуть лучше - но не обольщайтесь. Здесь вам придётся сдавать ненужные, не имеющие никакого отношения к профилю предметы, чтобы пройти дальше (причём и преподаватели это знают и говорят, но всё равно зубрите по 6-10 стр несвязного текста), здесь вам придётся пользоваться унитазами без сидений и бумаги, здесь вам придётся бегать между 6 и, например, 1 корпусом за 15 минут, потому что так сделали расписание а препода не волнует, здесь расписание вообще бывает пара-окно90мин-пара-окно-пара. Разве что отсидеться в библиотеке.
Стипендии низкие. По базе 2 тр. Что на 2018 год - смешно; чтобы получить больше надо довольно много работать (не только по профилю, нужно зубрить огромную гору бесполезной информации, участвовать во всяких мероприятих и тд.). Это, естественно инструмент поощрения и управления студентом в первую очередь. Прожить на это невозможно даже в общаге (если вам не помогают родители, конечно).
Преподаватели тоже получают мало и их урезают, все кафедры (кроме естественно, психологии - ректор). С каждым курсом планы урезают или комкают. Физкультура здесь, конечно выгодно отличается.
Физкультура, она есть и она естественно обязательна, медосмотр (платный естественно, 500р), возня, соревнования, кроссы, печь блины за галочки посещений, ходить на правительственные митинги. Вместо того чтобы учить свой предмет, вы будете бегать и прыгать 90 минут в неделю. Вы конечно взрослый (и вам все говорят, что не будут за вами бегать), но как студент у вас несколько меньше прав чем у простых людей.
Я не скажу, что ТГУ плохой, что в ТПУ лучше. Как у же здесь писали, большинство косяков - это недостаток финансирования (большинство годных спецов уезжают, малая стипендия) и слабое внимание правительства (точнее президента) к образованию. Это всё системные проблемы образования в РФ";2
Кто такой Тура Партхаяна? Я слышал о нем по телевидению, потому что он, Влогер из индонезии, который живет в Томск;5
Ставлю 3 балла и то с натяжкой. Практический знаний на выходе просто 0. И эта вина не совсес преподавателей,так как некоторые из них правда старались, а скорее самой системы. Но свое время я потратила зря. Это точно. Политех в этом смысле лучшие. Хотя  может и ненамного;1
ТГУ ГГФ дал мне настоящую профессию как по теории но в основном в практическом плане. Очень ему благодарен. Выпускник 1985г по специальности геохимия.;1
"Роща классная, преподаватели добрые, деканат отзывчивый, студенты просто прелесть.
";5
Отличные преподаватели, ведь благодаря их чуткому руководству все мы увидели талант Джины  Джерсон;4
Национальный Исследовательский Томский Государственный Университет оставил только положительные о себе впечатления. Культура и атмосфера университета окунает в студенческую жизнь, яркую и многообразную) Советую к выбору абитуриентов.;5
Качественное образование и квалифицированный преподавательский состав. Много международных программ для обучения/стажировок заграницей .;5
Храм науки! Великолепный парк, красивое здание главного корпуса. Величественно и торжественно!;5
Потрясающе красиво. Хорошая организация по приему участников конференций;5
"Теплое атмосферное место. А уж когда в коридоре слышится классическая музыка, невозможно не влюбиться в него
";5
"Основная достопримечательность города, хорошая и уютная роща. 
";5
"Старейший и лучший университет Томска
";5
"Я думаю, что это лучший университет в Томске.
Но только главное здание выглядит красиво.";5
Потрясающее красивое здание и площадки с величественными деревьями и очень ухоженным;5
Поэтому я хочу учиться в России, потому что я смотрю ежедневную жизнь Туры Партхаяны, которая учится в этом университете;5
Великолепное здание Университета поразило своими размерами,новизной и архитектурностью! Приехали с сыном посмотреть,.т.к.он будущий абитуриент,и мы выбираем учебные заведения для поступления. Были поражены красотой и масштабами ВУЗА!! Шикарный преподавательский состав! Счастья, успехов,процветания!! Побольше гениальных студентов и выпускников!!;5
Здравствуйте, я иностранный студент. Я хочу изучать общую медицину в этом университете. Сколько стоит ежегодная медицинская плата в год, и спасибо;5
"Мечтаю сюда поступить. Сейчас я в 8 классе. Оооочень хочу поступить когда закончу школу)
";5
Крурнейший и известнейший ВУЗ и научный центр не только в Новосибирске, но и во всей Сибири и вообще в России.;5
"Наконец то один из лучших ВУЗов страны будет выглядеть... будет выглядеть как один из лучших ВУЗов страны. Внутри правда не был, а вот снаружи очень красив, особенно ночью.
";5
Отучился на мехмате. Альмаматер ?? Прекрасный ВУЗ.;5
"У меня красный диплом НГУ. Учат кое-как, программы перегружены. Но в других вузах вообще не учат. Так что это лучшее, что у нас есть техническое.
";3
"Шикарный вуз. Готовят обалденных выпускников. Есть почти все для студентов
";5
"Самый лучший вуз за уралом
";5
"НГУ! Я люблю тебя! Только здесь крышесносная концентрация умных людей на квадратный метр.
";5
На уровне с ТГУ. В целом, не плох.;4
На мой взгляд лучший университет за Уралом ;5
"В университете думаешь там косяк, тут бы исправить. Но когда выйдешь и поработаешь с выпускниками других ВУЗов, понимаешь, что образование хорошее. Хотелось бы больше практичных вещей, связи с производством так сказать.
";5
В новом здании дух Универа уже не тот, а в старых корпусах он еще остался.;5
"Новосибирск центр мировой науки вот тому доказательство половина всех учёных США из нгу
";5
Главный Новосибирский Универ, конечно 5 звёзд.;5
Красивое современное здание, есть парковка и место для прогулки и отдыха…;5
Это НАСТОЯЩИЙ универ. Только 5+;5
"Норм, только студенты вешаются
";4
"Лучши Автатранспортново технекума нет ничево))
";1
"Кто учился здесь, не пропадет.
";5
Как турист, я не могу ходить в университет. видеть нечего.;3
Абсолютно красивый и удивительный университет.;5
Один из лучших университетов Сибири;5
Отличное место для учебы в богатой среде;5
Безнадежно потраченный потенциал быть одним из ВУЗов России. В последние годы при ректоре Чубике и нескольких его реформах университет превратился в подобие учебного учреждения с имитацией научной и учебной деятельности. Не верьте достижениям на главном сайте, многое из этого фейк что бы отвести глаза от многих серьезных проблем.;1
Поступила учиться в 2011 - окончила в 2015 гг.  Как же незаметно пролетело это золотое время! Преподаватели знатоки своего дела.Спасибо Вам за преподнесенную науку и безграничное терпение! Тысячи слов «Спасибо!» не хватит, чтобы выразить, насколько я тебе благодарна дорогой Университет!;5
"Основан в 1896 году Министерством народного просвещения Российской империи, как «Томский технологический институт Императора Николая II». Основное здание университета построено в 1896—1902 годах по проекту архитектора Р. Р. Марфельда.

Занятия начались 9 октября 1900 года, первую лекцию (по аналитической геометрии) прочитал профессор В. Л. Некрасов. В создании института и особенно его химического отделения принимал активное участие Д. И. Менделеев.";5
"Воспоминания...Окончил ХТФ ТПУ в 2010 году, после этого уехал из Томска. Спасибо тем людям, преподавателям, кто давал нам знания. Почему я поставил ""4""? Это исключительно, оценка ""системе"", ни в коем случае, не людям. Здесь трудятся люди дела, которые дали нам все, что могли и хотели. Хороший ВУЗ, с которым связано бесконечно много воспоминаний, прошлого, которое уже не вернется никогда.";4
"Университет с давней историей Открыт в царские времена,множество институтов по всем специальностям. Высокий рейтинг,востебованные профессии. Большой студенческий городок.
";5
"Выбирайте направление как можно проще, раскидывайтесь с учебой и как можно раньше устраивайтесь на практику / в подмастерье / на работу, коммерциализируйте хобби, прокачивайте скиллы. Никто не платит за знания: деньги вам будут платить за навыки - их в вузе не получить. Чем раньше вы это осознаете, тем быстрее состоитесь как профессионал. Для любителей учиться есть отличные возможности покататься на практики и обмены за рубеж, поднять уровень английского, повидать мир. Не забудьте об отношениях - вряд ли в жизни представится лучший отрезок времени на поиск спутника(-цы) жизни.
";4
"Был здесь на конференции орбита молодежи! Впечатлило сильно. Отличный вуз, лаборатории, атмосфера!
";5
"Получил высшее звание Всё норм как бы Хочется ещё на доску почета попасть
";5
"Получил здесь вышку, теперь пишу кандидатскую. Работаю на единственном работающем ядерном реакторе в структуре Минобра. Это очень крутой университет.
";5
"ТПУ - дает мощный багаж знаний на любые случаи жизни! По праву один из ведущих вузов страны
";5
"Мой процесс обучения протекает заочно. Соответственно, большинство информации (хотя нет, всю) я получаю в режиме онлайн. По этому поводу могу сказать, что Политех не удосужился наладить систему оповещения на почту студента. Точнее, здесь полностью ее отсутствие. Если идет вопрос об оплате с угрозами об отчислении - письмо прилетает моментально. Но чтобы напомнить о каких-либо приближающихся мероприятиях типа экзаменов, сдачи ИДЗ или изменении в расписании сессии - то здесь: увы. 
Ну а в целом - да, достаточно достойный выбор, если появилось решение связать свое студенчество с ТПУ.  ";3
"""Отличный вуз, лаборатории, атмосфера!""
";5
"Ребята, данный университет дает шанс реализовать свои мечты, здесь и сейчас!
Спасибо тебе Политех! 9А93Т1";5
"""Дела в колхозе шли хорошо, но с каждым годом все хуже и хуже...""
";4
"Замечательный университет! Всегда с теплом вспоминаю свои студенческие годы.))
";5
"Красивое историческое здание университета
";4
"Наш родной Политех. Политех лучше всех.
";5
"Это Томский государственный университет. Неужели никто не заметил? :-)
";2
"ТПУ - важная часть  истории Томска
";5
"У миня Оценка 5+ Политех место Для       Читирав?? А не Лузырав ха ха
";5
"Ну правда смените фотографию, я конечно понимаю, что вы ни ТПУ ни ТГУ ни разу в живую не видели, но на 1, 5, 10 фотографиях главный корпус Томского государственного университета а не политехнического, а в конце списка фотографии университетской рощи опять же государственного университета.
";1
"Неплохие шашлыки, но люля абсолютно неправильно готовят, поэтому 4 звезды
";4
"Вполне доволен, что тут обучаюсь:) с европейскими Вузами не сравнить, конечно, но для России это просто отлично:)
";4
"Входит в 10ку лучших вузов России 
";4
"Красивое здание и универ рейтинговый
";5
Хороший технический университет с красивым кампусом;5
"Сибирский государственный медицинский университет основан в 1888 году, как медицинский факультет Императорского Томского университета, сегодня входит в тройку лучших медицинских вузов России, является лучшим нестоличным медицинским вузом России, а также абсолютным лидером по количеству бюджетных мест среди медицинских вузов за Уралом. С 2017 года СибГМУ носит статус единственного медицинского опорного университета в России. В 2017 году СибГМУ вошел в список вузов, выбранных правительством для реализации проекта по экспорту образования. Всего в списке представлено 39 вузов, из них 2 медицинских: СибГМУ и Первый МГМУ им. И. М. Сеченова. 
СибГМУ - крупный научно-образовательный и клинический комплекс, включающий в себя 7 факультетов, где обучаются более 5 000 студентов из 55 регионов России и 24 стран. Профессорско-преподавательский состав университета на 80% состоит из специалистов, имеющих ученые степени и звания. У студентов СибГМУ есть уникальная возможность проходить обучение и практику на базе собственных многопрофильных клиник, где ежегодно получают медицинскую помощь более 20 тыс. пациентов со всей России. Профессиональный состав врачей клиник СибГМУ уникален – среди них работают профессора, доктора и кандидаты медицинских наук. Клиники оснащены всем необходимым современным оборудованием: сверхсовременный 128-срезовый компьютерный томограф, МРТ, гамма-камера, эндоскопические и УЗИ комплексы и многим другим. 
Научно-медицинская библиотека СибГМУ - единственная общедоступная медицинская библиотека в Томской области, крупнейшая специализированная библиотека в Сибири. Также, согласно ежегодному рейтингу библиотек медицинских вузов, составленному Академией доказательной медицины в 2016 году, она является лучшей в России.
В СибГМУ успешно работает обучающий симуляционный центр европейского уровня, который является одним из двух центров в РФ, получившим аккредитацию Европейского общества симуляции в медицине (SESAM), наравне с центрами Франции и Австрии. 
Университет обладает крупным музейным комплексом, где у студентов есть возможность учиться на основе уникальных экспонатов, коллекции которых формировались на протяжении 120 лет. Ряд экспонатов являются единственными экземплярами в мире.
Сегодня СибГМУ дает студентам современное высшее медицинское образование. Авторитетные научные школы и лучшие традиции сочетаются с высоким уровнем качества образования и честным, бескомпромиссным подходом к обучению. В стенах университета совершались мировые открытия в области медицины, а среди выпускников – свыше 800 докторов наук и профессоров, 42 академика, 2 Президента Академии медицинских наук России (Николай Бурденко, Владимир Тимаков), министр здравоохранения РСФСР (Анатолий Потапов).
В 2015 году СибГМУ стал первым медицинским вузом России, аккредитованным технологическим парком Сколково. 
В СибГМУ есть возможность параллельно основной учебе пройти обучение на уникальных курсах медицинского английского. Языковой подготовке в университете уделяется огромное внимание. Регулярно действует английский разговорный клуб.
Быть студентом СибГМУ сложно, но интересно. Здесь каждый может развить свои таланты и найти себя не только в учебе, но и в музыке, спорте, волонтерстве и многом другом. В университете работает более 20 разноплановых творческих объединений, студенческое научное общество, есть команды КВН и собственный театр.
В рейтинге «100 лучших вузов России» (журнал «Формула Карьеры», № 3, 2003г) СГМУ занял 3-е место среди всех медицинских вузов страны.
В 2014 году агентство «Эксперт РА», включило ВУЗ в список лучших высших учебных заведений Содружества Независимых Государств, где ему был присвоен рейтинговый класс «D»";5
"Отношение отвратительное и к пациентам и к лечению!
";1
"Помойка каких мало по России. Мне есть с чем сравнить. Отношение к пациентам свинское. Даже одной здезды много! Убедительно не рекомендую. Если есть возможность не обращайтесь туда за лечением!
";1
"Спасибо СибГМУ за качественное образование
";5
"Это мой колледж мечты, я скоро приду

";5
"Известный и именитый ВУЗ, собравший в себе множество талантливых учёных, педагогов и студентов. Один из лучших экономических вузов страны по многочисленными рейтингам. Альма-матер для многих российских государственных деятелей.
";5
"Отличный университет, хорошее расположение, вкусная еда в столовой.
";4
Лучший ВУЗ России. Все здания удобно расположены в центре и очень красивые.;5
очень дорогая штучка. но интересн;5
"ОТЛИЧНО ЕЛЕНА АЛЕКСАНДРОВНА ОГРОВНОЕ ВАМ СПАСИБО...АЛЕКСАНДР ИВАНОВИЧ ВАМ ТОЖЕ УДАЧИ . КРЫЛОВ Е.В.С НОВЫМ ГОДОМ ВАС И РОЖДЕСТВОМ...
";5
Мой любимый универ. Лучшая материально-техническая база, лучшие общежития, лучшие студенты и преподаватели.;5
Студентам из казахстана почему-то не платят стипендию;1
Очень красивая здания университета) очень дружелюбные люди) и особенно иностранный деканат))) мне понравилась поступлю сюда обязательно) ;5
Потрясающий универ, вот бы все такими были);5
Прежде чем учиться, обязательно поговорите с двумя тремя людьми которые уже отучились. Возможно ваше мнение будет отличаться от рекламы.;4
Отличный вуз, лучшее экономическое образование в РФ.;5
вышка и вышка. тут по сути нечего оценивать;5
Один из лучших интенсивно развивающихся вузов России! ;5
Средненький такой вуз, очевидно, МФПУ Синергия на порядок лучше.;3
Находится в центре Москвы, вывесок не видно.;3
"Блинчики с творогом и сметаной очень вкусные в МП. Но лазанья гораздо лучше в трехе, чем в МП. Ещё один балл за чистилки для обуви на центре.
";4
"У вас говорят очень высокая плата за обучение, десять тысяч в год. А нельзя снизить? У вас училась дочь бояркина. Директор фирмы,где я подрабатывала. Зарплату не заплатил. Основное место работы было бывший хоз.магазин на Рогожском валу, где директором была его бывшая родня. Точно также при увольнении не заплатили и ещё побили. Мне в тот момент было около пятидесяти. Потом они этот магазин продали.
Кстати у меня из сумки кошелек с деньгами украли.
Рядом резиденция правых сил,оставила меня без защиты. Участковый смотрел на меня глазами полные ужаса. А я не их кровей. Я русская
Не надо было устраивать гос переворот в 2000г!!!!";1
"Никогда не приходите сюда и даже не думайте поступать
";2
"Здравствуйте!!! Я студент Азиз Джумаков Камунарович.
Это университет самый лучший и красивый университет";5
"ну лично мне стрижка понравилась токо дорогая
";5
"Так себе институт и так себе конференц-зал
";3
"какие оценки нужны для поступления здесь?
";5
"Один из самых лучших вузов России и единственный, где качественно подготавливают к работе на международном фронте на всех направлениях. 
Спасибо вам, дорогие преподаватели! 
Низкий вам поклон за науку.";5
"Самый любимый лучший вуз для подрастающего поколения
";5
"Вуз как вуз, ничего особенного. Большинство поступают, для поиска нужных в будущем знакомств
";5
"Не понравилось отдыхать. Персонал не очень, еда не вкусная, напитков нет. В следующий раз полечу в Турцию.
";3
"Учиться интересно! Много возможностей + активная студенческая жизнь. Много сфер развития, где каждый найдёт себя.
";5
"Сбылась моя мечта - программа двойного диплома с Италией???? Так ещё и на английском! Спасибо ФГУ за это ??  
";5
"ваще так себе. шаражкина контора, и тачки металлолом
";1
"Лучший университет где я был. Наверное такие же ощущения в главном здании бауманки
";5
Красиво, чисто. Студенты смышленые;5
"Один из ведущих российских вузов, готовящий специалистов по 12 образовательным программам, в том числе: международные экономические отношения, международные отношения, регионоведение, международное право, политология, государственное управление, журналистика, связи с общественностью, экономика и торговое дело.
";5
"Вот, где я бы хотел учиться. Современно, просторно, светло, воздушно.
";5
"Плохая парикмахерская, не пойду больше !!
";1
"Новый корпус ужасно красивый и снаружи и внутри!
";5
"Пицца ничего, а вот карбонара явно не халяльная.
";3
"Ну что я еще могу поставить вузу, в котором учусь
";5
Этот элитный университет привлекает лучших трудолюбивых студентов со всей России. Возможно, лучшее учебное заведение, я знаю, в России - с точки зрения качества студента тела. Очень талантливые студенты. Респект :-);4
Все в этом университете является удивительным. Я могу сказать, что это симбиоз между МГУ и ВШЭ. Привет из немецкого FPEK-9 группы: P;5
"Самый убогий университет. Где преподаватели могут кричать на студентов. Где вместо знаний пахнет Деньгами, и не более. Это не место для получения образования. Система образования очень ничтожно низка. Дипломы например только и проверяют на плагиат, вместо работы со студентами над решением проблем. То есть работа над дипломом - это работа по обману Плагиата, не более. Уровень образования - полный 0. Если кто имел дело с коррупцией, пишите честные отзывы самостоятельно, не скрывая правды, чтобы не разводить слухи. А отношения ""псевдоучителей"" очень ужасное, туалеты грязные, бумаги туалетной не имеется, мусор около мусорок в здании лежит.";1
Двор Казанского университета - прекрасное место для прогулок. Здесь нет времени. Красивые старинные здания, прекрасный современный парк, разбитый в абсолютной гармонии с архитектурным ансамблем университета. В парке высажено много редких растений, в том числе деревьев. Клумбы постоянно обновляются в соответствии с календарем цветения.;5
Снаружи университет впечатляет своей архитектурой.;4
Здесь есть тихий задний двор, в котором можно прогуляться, летом читать книги и хорошо провести время.;5
Один из старейших университетов Росси, где работали выдающиеся ученые с мировыми именами А.М. Бутлеров, основавший органическую химию, А.Н. Лобачевский, имя которого носит Университет и и многие другие, о которых можно узнать в музее истории Университета. Здесь учился В.И. Ленин. Вообще музеев в Университете предостаточно: исторический, зоологический, геологический, этнографический, музей Завойского, Арбузова. Недавно открыт квартира-музей самого Лобачевского, являвшегося первым ректором. Так что познакомиться с историей и современной жизнью  знаменитого Университета нужен не один день.;5
"Все комментарии выше куплены!!
Университет с позором может лишь иметь имя федерального
Абсолютно неграмотные преподаватели, ВУЗ погряз в бюрократии (как минимум в институте экономики), формальностях
Ужасное преподавание, условие, в униксе стены протекают в раздевалке, а они ничего с этим не делают!
Большинство преподавателей - взяточники. Особенно физруки - 3-4к за семестр фикс ставка!
Никакой поддержки со стороны ВУЗа - поздние даты экзаменов, устаревшая информация (особенно когда лекторы читают с каких-то старых книжек!!)
Выбирайте что-нибудь поприличнее всяко";1
Очень хорошее место для выбора профессии. Проходит много детских олимпиад под названием winking . Это очень хороший университет . Всем советую. И всем советую поучаствовать в этих Олимпиадах. На на будущее Это очень хороший университет …;5
Если вы иностранец (Не важно откуда) и приехали за халявным дипломом, но вам лень учится. То определено, этот ВУЗ для вас. В погоне за мировым рейтингом, ВУЗ подбирает всех иностранцев. Ведь так легче подняться в мировом рейтинге, чем проводить научные исследование. Так как, для этого нет способных преподавателей, да и ученики не блещут умом. Взяткой можно решить любые проблемы. Много пафоса, стараются делать красивую картинку. Это место, однозначно подходит для тех, кто хочет откосить от армии на время.;1
Давно пора тем кто окончил бюджетное финансирование сделать распределение в сельскую местность на 3-5  лет. А то одни платят сами, а удащливые бесплатно учатся. Неравенство однако.;3
"Хорош, но все равно страдает немного советским образованием...
Много денег у вуза, поэтому то и хорош";4
получаю уже второе! все отлично! больше внимания проблемам проподавателей;5
Огромное количество направлений, хорошие преподаватели делают его лучшим вузом в Татарстане;5
Один из лучших вузов страны, который выпустил гениальных ученых мирового масштаба.;5
Лучшее место. Здесь вы получаете отличные возможности. ;5
Я там был , там очень красиво;5
биофак лучше всех. долой медиков;5
Любимый ВУЗ!! Лучший в России!!;5
Больше понтов , чем знаний, некоторые преподаватели вообще в курсе что они преподают? при поступлении ожидал большего. Юрфак.;2
Куча взяток ужасное поведение  у учителей ведут себя не подобающе;1
Коррупция, бюрократия, бессмысленная гонка за непонятно чем;3
Супер вуз, классные преподы!;5
"Санкт-Петербургский государственный
университет — это первый университет России, основан указом императора Петра I в 1724 году.
   СПбГУ присвоен статус уникального научно-образовательного комплекса, старейшего вуза страны. 
 Одно из старейших и известнейших учебных заведений мира, выпускники которого занимают много ведущих должностей по нашей стране и в мире.";4
Старейший Университет России. Здание Двенадцати коллегий - памятник архитектуры VIIIX века. Архитектор Трезини.;5
Случилось и мне побывать в этом университете на деловой встрече, такая потрясающая атмосфера, мне очень понравилось.;5
А Сечин??? Выпустили вора.где моя нефть?у Сечина. Опг. Сечин,павлов :МВТУ Баумана,Путин,колестников-25%акций Газпрома-мгу. Ваш ГОЛОДНЫЙ ПИТЕР. Что с Черномырдиным сделали!!!;1
В целом это старейший и лучший ВУЗ России. Только он и МГУ входят в список лучших лучших ВУЗов мира. Здесь можно послушать на английском языке лекции приглашенных преподавателей. Присуждает ученые степени минуя ВАК. К недостаткам относится зарплата преподавателей, которая никак не соответствует статусу ВУЗа. Также на преподавательскую работу иногда принимают провинциалов, что недопустимо.;5
Одно из лучших образовательных учреждений Европы! Но некоторые факультеты потихоньку загибаются, некоторые, такие как ВШМ, наоборот, растут с невероятной скоростью как по качеству образования так и по инфраструктуре. Есть из чего выбрать и можно получить очень качественное образование. Сравним с другим классическим ВУЗом РФ - МГУ, у обоих примерно одинаковый уровень подготовки и структура обучения.;5
"Относительно портрета Д. И. Менделеева в числе выпускников СПбГУ: Дмитрий Иванович Менделеев НИКОГДА не учился в
СПб Университете, он был выпускником Главного педагогического института, который, хотя и располагался в одном здании с университетом, но был самостоятельным учебным заведением со своим ректором (точнее, директором, коим с 1847 по 1858 год был И. И. Давыдов) и который был закрыт в 1858 году.";1
"СПбГУ - хорошо. Но мне больше МГУ нравится по своему ""исключительно высокому"" рейтингу А, обучение на высшем уровне, территория большая и красивая, сам МГУ просто............. Самый престижный в России. А еще внутри университета намного красивее, чем внутри СПбГУ. Но это лично мое мнение))))) Протест не выражать.";4
Самое лучшее время в жизни прошло здесь. Спасибо всем!;5
Солидное образовательное учреждение с десятилетними традициями бюрократии и устойчивым трендом на её усугубление. Тем не менее, здесь можно получить хорошее образование. Выбирайте и сравнивайте.;4
Университет, в котором сохранены традиции и преемственность поколений студентов и преподавателей;5
"Качественное образование, но с одним ""но"" - вы получаете не практические навыки, а фундаментальные знания, чтобы дальше заниматься наукой";5
Качество образования здесь на высоте!;5
В России действительно хорошее образование можно получить только в Санкт-Петербургском государственном университете!;5
"Для городских факультетов не хватает общежитий в городе. 
Если вы не идете учиться на химика, физика, математика или программиста, то будете 2 года тратить на дорогу по 4 часа в день.";3
Исторический факультет спасибо за эти 5 лет!;5
При заезде во двор, попросили какие-нибудь документы, я им показал документы на чехол для телефона);5
Вот такие красивые места есть рядом с этим университетом !;5
Один из лучших университетов страны. ;5
Учился здесь в группе Порфенова университет отлично подготовлен как лабораториями так и штатом. Именно здесь открывается возможность стать лучшим из лучших. Я благодарен тому что этот университет дал мне знания. Теперь ведущий специалист в области IT технологий, Администратор лаборатории Kaspersky, и главный специалист по безопасности. Девчата и Парни тащите все в ваших руках!;5
Что можно сказать о университете в котором обваливаются крыши, при том что на первых этажах уже сделан ремонт. Они убивают наших детей. Да и кто-то понес за это наказание?;1
"Учусь здесь. Читаю отзывы мол ""учусь сам"".... Ребят, тут не школа, чтобы за вами бегали и говорили, что вам нужно сделать. Сюда поступают уже серьезные люди, которые должны учиться САМИ. Тут не учителя, а преподаватели - они могут помочь, дать основу, дополнительную информацию, а углубляться в тему, искать дополнительные материалы - ваша задача. Университет не учит предметам, университет учит самообучению, саморазвитию и дает возможность вам научиться обновлять свои знания самому, становясь уже настоящим специалистом в своей области. ИТМО - лучший";5
"Прохожу курс ""Веб-программирование"" платформе ""Открытое образование"" заочно. Курс отличный. Очень много практики, а теория понятна и сжата до минимума. За 3 недели обучение уже не заглядываю в справочник по верстке сайта. Если встретите заочные курсы этого университета, рекомендую всем!";5
"Университет из разряда учись сам,т.е. литерату предоставят, на путь истинный в первый день направят и дерзай.Часы лекций сокращены до минимума,примерно, половину дисциплин в практической части будут вести аспиранты,которым на вас начхать.Абсолютно делать нечего здесь людям,у которых нет цели получить знания,и которых в школе не научили получать знания самостоятельно,ибо потратите в пустую 4-6 лет своей жизни.Университет интенсивно продолжает трансформировать учебный процесс и программы(причём координально,под западный лад),что, как я считаю,не способствует в это время получению качественного образования,т.к нет проверенной временем и чёткой линии.(т.е. программа вашего обучения волшебным образом может поменяться).Итог:универ хорош для целенаправленных людей, с установкой на самообучение.По сугубо моему мнению,на сегодняшний день лучше выбрать университет с обучением по ""старой школе"" в модернизированном её варианте.Я уверен,что через лет 10-15 университет закончит преобразования и станет одним из лучших университетов России и Европы, и будет выпускать первоклассных специалистов не только в области IT.";3
"Отличный университет для технарей. А также, единственный достойный университет для программистов во всей России как минимум (знаю не понаслышке: многие друзья учатся в других известных ВУЗах и рассказывали о своей обстановке)
Здесь по-настоящему учат и дают уникальный материал. Преподаватели - отличные люди: весёлые, понимающие и справедливые. Помогают разъяснить все вопросы, появляющиеся по ходу учёбы. Им важно, чтобы их материал поняли.

Ещё одна особенность университета - это факультет ""Среднего профессионального образования"", на который можно поступить после 9 класса. Отучившись там 4 года, есть возможность поступить на 2 или 3 курс ""вышки"". Всё зависит от вашей успеваемости и целеустремлённости. А так возможность дана отличная.

В общем, учиться просто одно удовольствие. Рада, что поступила именно сюда)";5
"Всем привет.  Учусь уже второй год в ИТМО. Степень его тяжести зависит от отношения к делу. Если относиться поверхностно, то и результат будет соответствующим.
У большинства из нас по окончании обучения в школе возникает нелегкий вопрос: ""Какой же вуз выбрать по нраву себе?"" Хорошо, если ты созрел в процессе обучения и точно знаешь куда поступать, иное дело, когда есть определенные предпочтения, но строгий выбор не сделан.
В каком-то плане я отношусь ко второй категории, и потому этот текст предназначен именно для ""сомневающихся"".
Мой выбор пал на Факультет ИМТО. Что же меня здесь привлекло? Не будет преувеличением сказать, что всё.
Вам нужна конкретика? Пожалуйста!
- Преподавательский состав. Наши уважаемые преподаватели ставят воспитание личности на первое место, полагая все остальное лишь обучением,поскольку воспитание есть основа, на которую можно наматывать нити образования и знаний. В то же время они на собственном примере демонстрируют, что нас поднимают не крылья вдохновения, а стремление к цели, упорство и работа.
 Множество увлекательных мероприятий создано вузом для студентов: КВН, спортивные соревнования, олимпиады. Список можно продолжать бесконечно, как говорится, на любой вкус и цвет.
- Что касается ИТМО... Поступив сюда первое время было не так-то легко,однако ежедневно крупица за крупицей собирая пазл из теорем,их доказательств, лемм,аксиом ты медленно, но верно начинаешь видеть общую картину происходящего, и тогда-то приходит понимание насколько важна программирование для человечества в целом. Я описал первую часть названия факультета, остальная же часть несет в себе не менее глубокий смысл: Информационные технологии( перспективнейшая область). О популярности IT я думаю не имеет смысла даже рассказывать, и так всё ясно...

И напоследок.
Уважаемый Друг, я неистово верю, что ты, прочитав данный отзыв, сделаешь осознанный выбор! И если таковой падет на ИТМО, что же: "" Добро пожаловать!""";5
Ходил туда на курсы по Pascal ,Си и C++. Очень много чего узнал.;5
Альма-матер, был рад здесь учиться =);5
Очень тяжело сначала находить нужную аудиторию,до некоторых вообще практически не добраться));4
Отличный университет! Очень нравится учиться, хороший преподавательский состав. Учебный материал интересен, понятно объясняется. Кроме того, достаточно сильно развита внеучебная деятельность. Очень рада, что поступила именно сюда!);5
"Учусь на 4 курсе бакалавриата на кафедре ОЛ факультета ФЛиСИ. Еще  с 10 класса собирался поступать в этот ВУЗ, так как многие о нем хорошо отзывались, да и у самого есть цель, для осуществления которой выбрал ИТМО. Расскажу о том, что вижу сам, и писать буду в большинстве о своем факультете и кафедре, дабы развеять у некоторых ложные ожидания.
На первых двух курсах программа для всех факультетов практически одинакова- вас знакомят с общими сведениями по физике, матану, эл теху и тд, дальше идет углубление в специальность. Именно с 3 курса у меня появилась сильная тяга к тому, чему меня обучают. Но большинство вещей мне пришлось делать самому, так как отдачи со стороны преподавателей не было видно. Некоторым мы вообще особо не нужны, так как предмет длится один семестр, и дальше до свидание. К примеру, во время весеннего семестра 3 курса у нас был предмет ""физические основы квантовой электроники"", который заключал в себя лекции и лабы. Придя на первую лекцию, преподаватель сообщил, что лекций он читать не будет(причину так и не назвал, но я думаю вы поняли), и что от нас требуется сдать ему только два промежуточных теста. Придя на первое занятие по практике, вышла похожая ситуация- лабораторных не будет, но сделать мы их должны дома в маткаде, используя готовые данные, которые преподаватель вышлет на почту(хотя снимать измерения мы должны были сами на установках!). Соответственно, вся моя группа, включая меня, получили пятерки, сдав все вовремя, а о качестве усвоенного материала некоторыми людьми читатель может судить сам.
И похожих по сути вещей тут немало. Складывается такое впечатление, что университет борется больше за имидж, чем за качество. Однако есть и хорошие стороны, так как на кафедре есть замечательные преподаватели, которые заинтересованы в том, чтобы из меня вышел достойный специалист и готовые всегда помочь и пойти на встречу. И что еще немаловажно, именно такие люди и дают мне львиную долю знаний, которые действительно заложатся глубоко в голове и которые ты не забудешь спустя пару месяцев после сессии.  За таких людей лично я и держусь и выжимаю из них все, что могу, но, опять же, находить их мне пришлось по собственной инициативе.
Также, ребята с других кафедр рассказывают, что они уже утвердили темы своих дипломов и каждому подобрали научрука. Нам же пока никто и слова не сказал о дипломе(думаю, вспомнят только к апрелю). Над ним работают только те, кто инициировал это сам.
Мой вывод: если вы наметили себе планы на будущее и у вас есть цель, то поступать сюда стоит, но будьте готовы к тому, что многое вам придется делать самим, без поддержки старших. Хотел бы под конец подчеркнуть, что это мое мнение об университете, в котором учусь. Сам не особо жалею, что поступил именно сюда, но просто порой становится грустно от того, что проявляется такое отношение к студенту.";3
"Учусь на 2 курсе, очень нравиться , много интересного.
Очень хорошо преподают. Самый лучший университет для программистов.
Мы занимаемся исследованиями, научными работами.";5
Отличный универ! Учусь на 1 курсе факультета СПО, прошел уже почти год и убеждение в том что это лучший универ только окрепло!;5
"Крутой универ. Всё что нужно есть: 
бесплатный wi fi по ВСЕМУ вузу, 
Вкусная и недорогая еда в столовой,
И - инновации в аудиториях";5
Самый лучший университет. Рад что учусь в этом университете и всем советую, т.к. лучшее образование только в ИТМО.;5
На момент записи учусь успешно уже 3 год, все замечательно. Среди ИТ один из лучших ВУЗов.;5
Прекрасный ВУЗ! Отличные преподаватели и хорошо составленная интересная программа :);5
"Замечательный Университет, в котором присутствует также и так называемая ""ФизМат школа"" для школьников (с 8 класса по 11)
";5
Сильный ВУЗ. Учился на ЕНФ. Сильные преподаватели.;5
Хороший университет с сильными и молодыми преподавателями и интересными программами в сфере IT.;4
ВУЗ хороший, по российским меркам. ;4
Отличный университет! Прекрасные преподаватели! =);5
Отличный вуз, работаю в редакции университетской газеты уже 7 лет.;5
Первый неклассический.шикарный вуз !;5
Классный универ, много интересных людей;5
Работаю там год. Из  топовых петербургских вузов в этом наиболее сильно чувствуется атмосфера технологического прорыва и креативности. Понятно, что суеты иной раз больше, чем науки, но я думаю, это временное явление, главное, что тут действительно думают о студентах.;5
Очень плохой университет. Я думал лучше будет.;2
Лучший IT-университет !!! Все на высшем уровне!!! Thank u, ITMO!!!;5
Сложный и интересный учебный процесс, отличные преподаватели и учебная программа.;5
Самый лучший университет на Земле;5
Не знаю, как с образованием, а здание университета содержится в полном порядке =);5
Мировой чемпион по программированию.;5
Институт, который всегда на высоте.;5
Прекрасный вуз. Если есть желание поступить, обязательно ходите на все мероприятия для школьников и не только, которые проводит это заведение. Там вы сможете прочувствовать, что это за место, и понять, хотите ли вы учиться здесь или нет.;5
Девушки, мальчики от сюда умные, можно найти хорошего мужа. Минус в том, что в этом вузе их не очень хорошо готовят к жизни и придется их обучать, но не волнуйтесь обучаемость у здешних мальчиков хорошая, всё-таки не дураки тут учатся. После вуза многие хорошо пристраиваются в жизни. Как для поиска потенциального мужа - очень советую это место;4
Ну вообще физтех уже не торт, хотя все ещё топовый технический вуз страны.;4
Лучший вуз для подготовки технических специальностей научного направления. Дает огромные возможности к обучению, при этом не сильно требователен к не заинтересованным работай в науке.;5
Очень достойное образование. Добросовестные преподаватели, прекрасно разбирающиеся в сути преподаваемых курсов. Спасибо этому замечательному Институту за сложную и особенно необходимую в последнее время работу по сохранению и развитию науки. ;5
"Чрезмерно горделивые студенты и выпускники. Не совсем полноценная физика и неполноценная техника (хотя ""Физтех""), так как направление ""ПМФ"". Других значительных минусов нет.";3
"Место, где куётся современная наука. Свой кампус и совершенно иная атмосфера. 
Находится достаточно далеко от Москвы. Приезжать лучше на электричке, пока не открыли развязку.";5
Один из лучших университетов России, который сейчас активно развивается. Отличное оснащение, приятная администрация и великолепный био-корпус??;5
Московский физико-технический институт aka Физтех это ведущий технический ВУЗ России и мира.;5
Оч вкусный шашлык из курицы в КПМ. Рекомендую. ;5
"Прекрасный институт!
Но часто что-то строят и ремонтируют)";5
ну чет прям не ахти;1
я там учился давно, с 1983 по 1991 годы. И это были лучшие годы моей жизни!;5
Лучший технический ВУЗ в России;5
Был там на турнире, место хорошее, сделано давно, но очень добротно;5
За этим местом будущее российской науки!;5
Неплохой университет, можно учиться.;5
Рекомендую всем сильным духом!;5
Удивительный институт с мирной атмосферой;5
В университете есть огромный университетский городок, который легко добирается на поезде, но железнодорожная станция нуждается в восстановлении. Колледж в основном городской. В кампусе есть спортивные сооружения, включая бассейн и стадион. Это делает его привлекательным местом для студентов, желающих быть успешными как в академических кругах, так и в спорте. Жилье доступно для студентов и преподавателей. Университет считается одним из лучших в России.;4
Одна из лучших вещь случилась в моей жизни. 1971-77;5
Лучший Институт физики в России!;5
Хорошее место для высшего образования;4
Нашли куда поступать,сейчас расскажу. Были у меня соседи по даче. Учились в вашем заведении в одной группе Таня и Сергей. Татьяне папа помогал,после их свадьбы Татьянин папа ушел из семьи, у вас параллельные пересекаются. Хм. После окончания пошел работать в кгб, где сейчас КГб? Пошел работать в налоговую полицию большим начальником, существуют материалы,кот. Не поддаются коррозии,уничтожили,приходили брали взятки и уходили. Другой был секретарем комсомольской организации этого заведения, директор фирмы проворовался и разорил фирму и зарплату не платил. Если бы я не приехал в Москву и не поступил в институт, я бы сел в тюрьму.;1
учился тут полтора года, но большую часть времени приходил сюда покушатц. столовок много разных и ларьков с покушоть ну в целом норм .;5
Безумно глупое расположение кабинетов. Сами преподаватели понятия не имеют куда и как двигаться;1
Пишу отзыв, как абитуриент. Территория университета большая. В самом здании тоже много чего есть и очень легко заблудиться ?? Отношение к другим людям хорошее, но я не смогу быть уверен, что они так относятся и во время учёбы. В здании есть столовка, цены чуть выше среднего.;4
Отсталый ВУЗ, отсталый контингент, наблюдается явные признаки разложения.;1
Первый раз попал сюда, ходил с открытым ртом от удивления.Как в музее, очень красиво;5
Учат качественно. Если хватило сил продержаться на подготовительных до конца года - поступление в ВУЗ с вероятностью 95%. Если хватило сил доучиться 6 лет до диплома магистра (раньше - дипломированный инженер) - работа и зарплата практически обеспечена!;5
Цены в столовке подорожали, а обучение просто супер!;5
Красивое монументальное здание, современные лаборатории, столовая с вкусной едой. Мечта для студентов;4
"Гз потихоньку приводят в порядок, наводят косметику. Печать, буфеты, киоски - разбросаны по всему зданию, всегда есть возможность распечатать что-либо за низкую цену, купить канцелярию или что-то иное необходимое. 
Еда вкусная, можно наесться за малую цену. 
В общем, удобное здание.";4
Сложно что-то сказать об этом универе нового, просто лучший.;5
Делают ремонт внутри, главная лестница уже готова - красота! Облагораживают, теперь все выглядит современно и привлекательно.;5
Это один из пранков, который вышел из под контроля. Если честно, то здесь могут чему-нибудь, да научить;4
"МГТУ учит думать и выбираться из самых сложных ситуаций!
Атмосфера в Бауманке особенная.
Когда впервые приехал сюда на олимпиаду по физике, то был приятно удивлен просторными аудиториями, архитектурой главного здания и атмосферой, которая и определила мой выбор университета.";5
Не советую для посещения;1
Делателе место для получения образования !!! Впитываешь знания как губка ! А ещё и кормят вкусно ! ;5
"Возможно, здесь дают лучшее образование для инженеров в России. 
Другое дело, что уровень российского технического образования вообще, едва соответствует профессиональному колледжу в Великобритании. В общем, если у вас есть деньги, то учитесь заграницей, МГТУ даст вам лучшее только в том случае, если у вас денег совсем нет.";5
Прекрасное здание. Все студенты с беспокойством всегда наблюдают за состоянием фонтана во внутреннем дворе. Преподы матёрые, опытные. Универ со своей целью, дать знание, полностью справляется.;5
Красивое здание, старинный университет, хорошие люди, вкусно кормят, учат тоже вроде нормально);5
Один из лучших университетов Москвы!;5
Здесь готовят инженеров широкого профиля!;5
Отличный технический вуз. Настоятельно советую всем будущим технарям.;5
Закончил этот ВУЗ. Учили хорошо и интересно.;5
Когда ты поступаешь, чувак, в МГТУ, ты сам того не знаешь, что будешь жить в аду;5
Уровень образования оставляет желать лучшего ;4
Одно из красивейших зданий Москвы. Особенно понравились скульптуры над фасадом;5
Лучшие преподаватели, халявишь когда хочешь халявить, учишься? кода хочешь учиться;5
Лучший инженерный ВУЗ страны;5
Учусь пока что первый год, и нравится ;5
Лучше чем моя шарага;5
Красивое здание, красивые виды, прекрасные люди;5
